{
  "model_type": "classification",
  "saved_at": "2026-03-07T14:38:52.677246",
  "metrics": {
    "best_params": {
      "rf__class_weight": null,
      "rf__max_depth": 10,
      "rf__max_features": "log2",
      "rf__min_samples_leaf": 4,
      "rf__min_samples_split": 10,
      "rf__n_estimators": 200
    },
    "best_score": 0.900399864495224,
    "train_accuracy": 0.9188,
    "test_accuracy": 0.8964,
    "train_precision": 0.8403,
    "test_precision": 0.8004,
    "train_recall": 0.859,
    "test_recall": 0.8148,
    "train_f1": 0.8496,
    "test_f1": 0.8076,
    "train_f1_macro": 0.897,
    "test_f1_macro": 0.8683,
    "train_roc_auc": 0.9784,
    "test_roc_auc": 0.9669,
    "time_taken": 1245.0783,
    "feature_importances": {
      "remainder__distance_km": 0.032761811592059736,
      "remainder__package_weight_kg": 0.008069902758660817,
      "remainder__weight_x_distance": 0.015103969091748095,
      "remainder__km_per_expected_hr": 0.271168134423841,
      "remainder__cost_per_kg": 0.01847889663858997,
      "remainder__weather_severity": 0.043930048540867836,
      "remainder__mode_urgency": 0.21536717631906463,
      "remainder__schedule_risk": 0.14921467298899893,
      "remainder__vehicle_capacity": 0.0017649354455295757,
      "remainder__vehicle_load_strain": 0.011843682046965813,
      "remainder__carrier_avg_schedule": 0.002755567695769859,
      "remainder__carrier_avg_weight": 0.0027642341628189636,
      "remainder__region_avg_distance": 0.002278088249098318,
      "remainder__delivery_partner_blue_dart": 0.0004131034718685666,
      "remainder__delivery_partner_delhivery": 0.0004789287757862225,
      "remainder__delivery_partner_dhl": 0.0004187365788593145,
      "remainder__delivery_partner_ecom_express": 0.0005079207548989866,
      "remainder__delivery_partner_ekart": 0.000499034163540401,
      "remainder__delivery_partner_fedex": 0.0006076774233214407,
      "remainder__delivery_partner_shadowfax": 0.0004310274684906625,
      "remainder__delivery_partner_xpressbees": 0.0005639604086734882,
      "remainder__package_type_clothing": 0.0005662825630461489,
      "remainder__package_type_cosmetics": 0.0004724037100875893,
      "remainder__package_type_documents": 0.0007004209610392827,
      "remainder__package_type_electronics": 0.0005524622608624576,
      "remainder__package_type_fragile_items": 0.0006868159363114746,
      "remainder__package_type_furniture": 0.0006159422520974194,
      "remainder__package_type_groceries": 0.0005291587863317313,
      "remainder__package_type_pharmacy": 0.0006289951605675754,
      "remainder__vehicle_type_ev_bike": 0.0005895370552495239,
      "remainder__vehicle_type_ev_van": 0.0007135281497905906,
      "remainder__vehicle_type_scooter": 0.0007477756476976083,
      "remainder__vehicle_type_truck": 0.0006100367582712094,
      "remainder__vehicle_type_van": 0.0008014473585266485,
      "remainder__delivery_mode_same_day": 0.04061199297159843,
      "remainder__delivery_mode_standard": 0.05926757938081208,
      "remainder__delivery_mode_two_day": 0.06749125365345701,
      "remainder__region_east": 0.0008179790443420072,
      "remainder__region_north": 0.0008138274954921931,
      "remainder__region_south": 0.0006630931366937283,
      "remainder__region_west": 0.0007568740337313835,
      "remainder__weather_condition_cold": 0.0061338367261306705,
      "remainder__weather_condition_foggy": 0.0050630354310278744,
      "remainder__weather_condition_hot": 0.0052823151485641715,
      "remainder__weather_condition_rainy": 0.00837276481948253,
      "remainder__weather_condition_stormy": 0.017089132559336157
    }
  }
}